text,true_emotion,predicted_emotion
Sometimes I get mad over something so minuscule I try to ruin somebodies life not like lose your job like get you into federal prison #anger,anger,anger
Just joined #pottermore and was sorted into HUFFLEPUFF 😡😡😡 #fuming,anger,anger
Hate when guys cant control their anger 🙃🙃,anger,anger
@DailyMirror i love how theres no outrage that it's a white man but if it was a black man them BLM would be all over it regardless of reason,anger,anger
"@TrevorHMoore @paget_old In Scotland, the right-wingers are the most rabid anti-nationalists. Socialists are mostly in favour.",anger,anger
@DJ_JeanFranko growl!!!,anger,anger
S/O to the girl that just hit my car...not only did she get lucky w/ no scratch but also from being spared the wrath of sleep deprived Kait🙃,anger,anger
Sometimes I get mad over something so minuscule I try to ruin somebodies life not like lose your job like get you into federal prison ,anger,anger
@IllinoisLoyalty that Rutgers game was an abomination. An affront to God and man. We must never speak of it again.,anger,anger
I think @Sam_Canaday &amp; @KYLEJDOWSON must actually have to be working like me &amp; @dowson_brady because I havent got any snap chat videos today,anger,sadness
Literally fuming fuck sake,anger,anger
@TrueAggieFan oh so that's where Brian was! Where was my invite? ,anger,anger
@UKBlogAwards @ModishMale I would always be honest but it's great to feedback opinion to the brand - don't want to offend them #BlogHour,anger,anger
The rage has died down.,anger,anger
My eyes have been dilated. I hate the world right now with the rage of a thousand fiery dragons. I need a drink.,anger,anger
Just seeing Alex revells face gets me angry,anger,anger
"@FluDino Event started! everyone is getting ready to travel to the lake of rage, where everything glows",anger,joy
"Realest ever, relentless ever, inevitable that I win.",anger,joy
"Is it me, or is Ding wearing the look of a man who's just found his arch enemy in bed with his missus? #angryman #scowl",anger,anger
i live and die for mchanzo honeymoon crashing and burning the second they move in together,anger,sadness
The Apocalypse has hit our gym and it's  nothing what I thought it would be...\n\nEveryone is wearing vests! What if it's contagious? #afraid,fear,fear
Okay. Brace yourself. I will attempt my first loaf of bread in the morning. I will use a dutch oven. I will make the dough now. ,fear,fear
Rooney shocking attempted cross,fear,anger
There goes the butterflies in my stomach. #nervous #anxietyproblems,fear,fear
Whatt a trailerrrr !!! @karanjohar @AnushkaSharma #RanbirKapoor #AishwaryaRaiBachchan i am COMPLETELY BLOWN !! #awestruck #longingformore,fear,joy
@mikefreemanNFL \nIsn't OBrien supposed to be some sort of offensive genius #awful,fear,anger
An adviser to the #European #Union’s top #court said #Hamas and the #Tamil #Tigers should be taken off the EU’s #terror list.#lka,fear,joy
My Modern Proverb: 'Don't let anyone intimidate you about being single; most marriages end in divorce.',fear,anger
On @Varneyco/@FoxBusiness to talk latest on #Chelsea Bombing + #Ahmad_Khan_Rahami's trips to #Afghanistan/#Pakistan #tcot ,fear,fear
Thanks for ripping me off again #Luthansa €400 not enough for a one way flight to man from Frk then €30 for a bag then free at gate ,fear,anger
Dunno y am going to the Yorkshire scare grounds when I only lasted a minute in the Alton towers one before running out a fire exit crying,fear,fear
Trying to book holiday flights on @britishairways website is becoming a #nightmare,fear,fear
Nothing worse than an uber driver that can't drive. ,fear,anger
"Really.....#Jumanji 2....w/ The Rock, Jack Black, and Kevin Hart...are you kidding me! WTF! #ThisIsATerribleIdea #horrible",fear,anger
Southend players always haunt Man U,fear,anger
@TheDappaMc also £2.50 for a chocolate Feast ice lolly.. proper shocking 😩,fear,anger
"Gahh...BT, in queue for 30 minutes.. Now put through to BT Sport dept to cancel... back in a queue again... ",fear,anger
There goes the butterflies in my stomach.  #anxietyproblems,fear,fear
On @Varneyco/@FoxBusiness to talk latest on #Chelsea Bombing + #Ahmad_Khan_Rahami's trips to #Afghanistan/#Pakistan #tcot #terror,fear,fear
Not the best horror ever but I like that the uncertainty,fear,fear
"Be it a rainy day, be it cheerful sunshine, I am a Prussian, want nothing to be but a Prussian.:|",joy,joy
So far ours greet have raised £250 for @HGatChristmas with more to come in #sparkling @CllrJohnFox @simoncotton69,joy,joy
"Ready for that nice, breezy, calm, sunshine weather.🍂🍁 #Autumn",joy,joy
@bruins_514 @gorddownie @thehipdotcom It would be #TragicallyHip if they can #help @TOYSFORASMILE make #hospitalized  #sick #kids #smile 😊✌❤,joy,joy
It feels good to get outside for a minute and get some fresh air.  It's hard to stay cooped up inside all day #breezy,joy,joy
"If yiu don't respond .o an email within 7 days, you willxbe killed by an animated gif of the girl froa The Ri.g.",joy,fear
"it gets better. without explanation; you just wake up one morning and you’re just happy, totally and utterly elated.",joy,joy
Each day is what you make of it! #goals #challenges #business #goals #optimism #happy #success #photographer #photography #ThursdayThoughts,joy,joy
I hate it when im singing and some idiot thinks they can just join in with me like...this is not fcking glee #MeanRikonaBot,joy,anger
@MacDsmash you should get some @SSB_Swedish delight,joy,joy
4-2 Canada final tomorrow #WCH #Predictions #optimism #Canadian 🇨🇦,joy,joy
"@DocBellsSwan *peers down at you, eyes crinkling with mirth and affection* I do love ye so, my bonnie Belle.",joy,joy
"@len_snart Mick nods. 'I would like that.' He went back to his food, smiling as he finished it.",joy,joy
@tomderivan73 😁...I'll just people watch and enjoy a rare show of optimism,joy,joy
"TheNiceBot: IndyMN I thought the holidays could not get any more cheerful, and then I met you. #TheNiceBot #الخفجي",joy,joy
"It's #HobbitDay! \nHobbit's give gifts on their birthdays, so I'm sharing the gift of #glee today! Find something that makes you happy!",joy,joy
@NateBLoL no it was that clear American naturally flavored sparkling water,joy,joy
"This tweet is dedicated to my back pain, which I do not understand because I am youthful and spry. Full of life. Vivacious.",joy,sadness
"If any trump supporters and Hillary haters wanna chirp some weak minded, pandering liberals just tweet at @EmmyA2 @snickerfritz04",joy,anger
Sioux Valley wins home competitive #cheer invite with a score of 158. ...Dell Rapids second at 138,joy,joy
@kayleighmcenany  @DonaldJTrumpJr Is that really all you can offer for those who sacrifice daily to keep you safe...? @kayleighmcenany #sad,sadness,sadness
aaahhhh! a little @OtisRedding to soothe the soul. #music ,sadness,joy
@AnjiDunlap droop in leggings? Are they wearing XXXL?,sadness,anger
@FFBren @CDCarter13 included for maximum #sadness,sadness,sadness
“Dyslexia is the affliction of a frozen genius.”― Stephen Richards,sadness,sadness
"Stars, when you shine,\nYou know how I feel.\nScent of the pine, \nYou know how I feel.\nFreedom is mine,\nI know how I feel.\nI'm feelin' good.",sadness,joy
"@DxfyingGrxvity - frustration, looking up at Elphaba in a frown of aggravation. Her high pitched voice was growing more and more --",sadness,anger
Folk Band 'Thistle Down' will be replaced by 'The Paul Edwards Quartet' at Laurel Bank Park Sat 24 11am - 3pm due to ill health #jazz ,sadness,sadness
@Barcabhoy1 Of course not. Didn't sink his studs into a knee like Forrester,sadness,anger
"340:892 All with weary task fordone.\nNow the wasted brands do glow,\nWhilst the scritch-owl, scritching loud,\n#AMNDBots",sadness,sadness
"@GRIPLIKEAVICE_ I wouldn't mind if it didn't you know, threaten my job when I disagree. Puts a damper on things.",sadness,anger
Don't depress yourself by comparing yourself. No comparisons.,sadness,sadness
It feel like we lost a family member🙄😂,sadness,sadness
Soooo badly want to dye my hair dark but have never been dark before soooo torn 😭😭😭,sadness,fear
If I had a little bit of extra money I would blow the whole paycheck and go to one of the two of @KygoMusic's concerts in LA. #serious,sadness,joy
yesterday i finished watching penny dreadful and from all the beautiful things i saw one question remains: were the writers HIM's fans?,sadness,joy
If you #invest in my new #film I will stop asking you to invest in my new film. #concessions #crime #despair #shortsightedness #celebrities,sadness,anger
SOBRIETY®   trying to make being sober fashionable….can it be done ? #zeroalcohol #soberoctober #clubsoda #nomorehangovers #sober,sadness,joy
All I want to do is watch some netflix but I am stuck here in class. #depressing,sadness,sadness
Folk Band 'Thistle Down' will be replaced by 'The Paul Edwards Quartet' at Laurel Bank Park Sat 24 11am - 3pm due to ill health #jazz #blues,sadness,sadness
